Class,precision,recall,f1-score,support
0,0.0,0.0,0.0,2.0
1,0.0,0.0,0.0,10.0
2,0.2962962962962963,0.6666666666666666,0.41025641025641024,12.0
3,0.5555555555555556,0.3125,0.4,16.0
accuracy,0.325,0.325,0.325,0.325
macro avg,0.21296296296296297,0.24479166666666666,0.20256410256410257,40.0
weighted avg,0.3111111111111111,0.325,0.2830769230769231,40.0
